[{"model": "contenttypes.contenttype", "fields": {"app_label": "admin", "model": "logentry"}}, {"model": "contenttypes.contenttype", "fields": {"app_label": "auth", "model": "permission"}}, {"model": "contenttypes.contenttype", "fields": {"app_label": "auth", "model": "group"}}, {"model": "contenttypes.contenttype", "fields": {"app_label": "contenttypes", "model": "contenttype"}}, {"model": "contenttypes.contenttype", "fields": {"app_label": "sessions", "model": "session"}}, {"model": "contenttypes.contenttype", "fields": {"app_label": "mainapp", "model": "productcategory"}}, {"model": "contenttypes.contenttype", "fields": {"app_label": "mainapp", "model": "product"}}, {"model": "contenttypes.contenttype", "fields": {"app_label": "authapp", "model": "shopuser"}}, {"model": "contenttypes.contenttype", "fields": {"app_label": "basketapp", "model": "basket"}}, {"model": "contenttypes.contenttype", "fields": {"app_label": "social_django", "model": "association"}}, {"model": "contenttypes.contenttype", "fields": {"app_label": "social_django", "model": "code"}}, {"model": "contenttypes.contenttype", "fields": {"app_label": "social_django", "model": "nonce"}}, {"model": "contenttypes.contenttype", "fields": {"app_label": "social_django", "model": "usersocialauth"}}, {"model": "contenttypes.contenttype", "fields": {"app_label": "social_django", "model": "partial"}}, {"model": "contenttypes.contenttype", "fields": {"app_label": "authapp", "model": "shopuserprofile"}}, {"model": "contenttypes.contenttype", "fields": {"app_label": "ordersapp", "model": "orderitem"}}, {"model": "contenttypes.contenttype", "fields": {"app_label": "ordersapp", "model": "order"}}, {"model": "sessions.session", "pk": "1jdd9i9nqlea7ho0itgrc0cm1f81dxxm", "fields": {"session_data": "e30:1lw41X:eCDguJS1sUIS2AHZ-cFxVU8QeoRPvji2driwjzA-a5g", "expire_date": "2021-07-07T14:38:39.746Z"}}, {"model": "sessions.session", "pk": "4oigwfdpc3cfmi4ropx30op9pawen82q", "fields": {"session_data": "eyJuZXh0IjoiLyIsInZrLW9hdXRoMl9zdGF0ZSI6IkRiUEdzNkt3T09wdkdVaUpPMjNSeHZjaFFNYlF5NFZhIn0:1lyynf:I1ArRDwiVg6kHDNtquDgEM2YP0mSbI9iNKcl5AtNjpk", "expire_date": "2021-07-15T15:40:23.325Z"}}, {"model": "sessions.session", "pk": "4om04ubcj28vwlnv1plgtb9214cfs5v7", "fields": {"session_data": "e30:1lw3qo:Td7YMlWuiWoyI04MqRQyYtBYgnbK1ybnUX9c5ztqlzE", "expire_date": "2021-07-07T14:27:34.763Z"}}, {"model": "sessions.session", "pk": "64ilcgkmae9ep5k1dpyabdd4lneecz1u", "fields": {"session_data": ".eJxVjEEOwiAQRe_C2hAGmFJcuvcMZIBBqoYmpV0Z765NutDtf-_9lwi0rTVsnZcwZXEWWpx-t0jpwW0H-U7tNss0t3WZotwVedAur3Pm5-Vw_w4q9fqtcQSjCAqC9kg6FYXKO8gwGA8YjfVFlxHBWCJPrnjNjHYwEBUrcFm8P6vlNqU:1m56NJ:QSgLMIvvv4s0EuQD4IidE7Yfk7YCFMn1ki4-3DROoEk", "expire_date": "2021-08-01T12:58:29.989Z"}}, {"model": "sessions.session", "pk": "ctys19no3q55ksj3inimz2j1w0d9b1uj", "fields": {"session_data": "e30:1lw3zN:OWuTDZQHsZDPXVqhYmsGg5BoessW14cowJ-X_-V_zF4", "expire_date": "2021-07-07T14:36:25.533Z"}}, {"model": "sessions.session", "pk": "i3abkf524fxc16qwpi0fpqbei0zfdz1j", "fields": {"session_data": ".eJxVjEEOwiAQRe_C2hAGmFJcuvcMZIBBqoYmpV0Z765NutDtf-_9lwi0rTVsnZcwZXEWWpx-t0jpwW0H-U7tNss0t3WZotwVedAur3Pm5-Vw_w4q9fqtcQSjCAqC9kg6FYXKO8gwGA8YjfVFlxHBWCJPrnjNjHYwEBUrcFm8P6vlNqU:1lmfNG:Tu1qtTBBYoL4b0znSiFGdYAYpqwmx09DnKNeSyEEEC8", "expire_date": "2021-06-11T16:30:14.586Z"}}, {"model": "sessions.session", "pk": "m0rsh7ysh2ezqkagvr1qrjva9e0286dz", "fields": {"session_data": ".eJxVjEEOwiAQRe_C2hAGmFJcuvcMZIBBqoYmpV0Z765NutDtf-_9lwi0rTVsnZcwZXEWWpx-t0jpwW0H-U7tNss0t3WZotwVedAur3Pm5-Vw_w4q9fqtcQSjCAqC9kg6FYXKO8gwGA8YjfVFlxHBWCJPrnjNjHYwEBUrcFm8P6vlNqU:1liFdf:bN2JPp2W3QiZAhEFcre47xdPvmB_wCnSkZ6h-ZlKmfA", "expire_date": "2021-05-30T12:12:55.506Z"}}, {"model": "sessions.session", "pk": "ogxt7xh2fuk029oxqdqsrdn0m5btee9r", "fields": {"session_data": ".eJxVjEEOwiAQRe_C2hAGmFJcuvcMZIBBqoYmpV0Z765NutDtf-_9lwi0rTVsnZcwZXEWWpx-t0jpwW0H-U7tNss0t3WZotwVedAur3Pm5-Vw_w4q9fqtcQSjCAqC9kg6FYXKO8gwGA8YjfVFlxHBWCJPrnjNjHYwEBUrcFm8P6vlNqU:1m0S9q:BumDMAtnL73EFQeVa1dzrJEpaLIEm8D5f9-cL71T3MA", "expire_date": "2021-07-19T17:13:22.989Z"}}, {"model": "sessions.session", "pk": "v2mvrh2elkhjonlinn63c14kaldzscdz", "fields": {"session_data": ".eJxVjEEOwiAQRe_C2hAGmFJcuvcMZIBBqoYmpV0Z765NutDtf-_9lwi0rTVsnZcwZXEWWpx-t0jpwW0H-U7tNss0t3WZotwVedAur3Pm5-Vw_w4q9fqtcQSjCAqC9kg6FYXKO8gwGA8YjfVFlxHBWCJPrnjNjHYwEBUrcFm8P6vlNqU:1lvg54:4A6a2hHVRtj06qJDLtd8vmVYp_ihpKW3KjQpGSvWYEI", "expire_date": "2021-07-06T13:04:42.340Z"}}, {"model": "sessions.session", "pk": "yfm27lh8jxr0n5cvg0fi96u2ybyh3fdw", "fields": {"session_data": "eyJuZXh0IjoiLyIsInZrLW9hdXRoMl9zdGF0ZSI6IjFqaGZHOHJHNWdhcXROR3U1bjRuZFJkZDhWeW9WamNmIn0:1lywuc:mKY5Jps8jbUZDBU1JQdvBbWVnkjFWK74muvWLlHjpJI", "expire_date": "2021-07-15T13:39:26.179Z"}}, {"model": "mainapp.productcategory", "pk": 6, "fields": {"name": "офис", "description": "Офисная мебель – это специфический стиль мебели, которая по своей характеристике отличается строгостью, но в то же время тут можно приложить и фантазию, и воображение. Такой вид мебели имеет свою определённую историю, начало которой было положено ещё в семнадцатом веке. С тех пор мебель претерпела многоэтапность своего преобразования, и видоизменения, что даёт возможность поговорить о ее стилях.", "created": "2021-06-29T16:04:09.991Z", "updated": "2021-06-29T19:46:44.752Z", "is_active": true}}, {"model": "mainapp.productcategory", "pk": 7, "fields": {"name": "дом", "description": "Каждый владелец для себя решает сам, какой дизайн он будет использовать при оформлении своей квартиры. Некоторым нравится современный хай-тек, а другие отдают предпочтение старой доброй «классике».", "created": "2021-06-29T16:04:09.996Z", "updated": "2021-06-29T19:49:04.189Z", "is_active": true}}, {"model": "mainapp.productcategory", "pk": 8, "fields": {"name": "модерн", "description": "Модерн объединяет в себе классические принципы оформления интерьера с современными европейскими мотивами. ... Модерн – веяние интерьерной моды 19 века, эпохи бурного роста промышленности и развития в научной сфере.", "created": "2021-06-29T16:04:10.002Z", "updated": "2021-06-29T19:47:19.231Z", "is_active": true}}, {"model": "mainapp.productcategory", "pk": 9, "fields": {"name": "классика", "description": "Классический стиль в интерьере – это подтверждение хорошего вкуса. Классика не устаревает и во все времена смотрится стильно и элегантно. Такое оформление требует существенных финансовых затрат, но актуальность и длительная служба вещей в таком интерьере будут радовать долгие годы.", "created": "2021-06-29T16:04:10.019Z", "updated": "2021-06-29T19:45:21.478Z", "is_active": true}}, {"model": "mainapp.productcategory", "pk": 10, "fields": {"name": "Тест", "description": "Тестовая категория товаров для проверки видимости", "created": "2021-07-13T19:09:08.228Z", "updated": "2021-07-13T19:38:08.208Z", "is_active": false}}, {"model": "mainapp.product", "pk": 18, "fields": {"category": 9, "name": "Дубовый стол", "image": "product_img/oak_table_370-370_1YC9oYi.jpg", "short_desc": "Раздвижной стол из массива дуба", "description": "Массив дуба – экологически чистый материал, он не токсичен и полностью безопасен для здоровья", "price": "128990.00", "quantity": 7, "is_active": true}}, {"model": "mainapp.product", "pk": 19, "fields": {"category": 6, "name": "рабочий стул", "image": "product_img/product-2_zeZzqBr.jpg", "short_desc": "Стул синий в конференц-зал", "description": "Стул предназначен для использования в конференц-залах, приемных, переговорных комнатах.  Отличается высокой надежностью.  Стул ИЗО имеет  простую, но в то же время прочную конструкцию,  легок в переноске. Изготовлен на сварном металлическом каркасе, трубчатом в сечении.", "price": "19990.70", "quantity": 16, "is_active": true}}, {"model": "mainapp.product", "pk": 20, "fields": {"category": 8, "name": "настольная лампа", "image": "product_img/product-31_IZQLvVq.jpg", "short_desc": "Настольный светильник на подставке, с абажуром, закрывающим источник света.", "description": "Торшеры выполняют не только функцию освещения помещения. Они являются настоящим украшением комнаты, ее изюминкой.", "price": "7999.50", "quantity": 27, "is_active": true}}, {"model": "mainapp.product", "pk": 21, "fields": {"category": 7, "name": "Сосновый стол", "image": "product_img/pike_370_370_P1qlzLJ_RN5WU8T.jpg", "short_desc": "Журнальный столик из массива сосны", "description": "Это эксклюзивное производство. Наши мастера вручную обрабатывают каждый срез, выпиливают и соединяют детали, полируют и шлифуют готовые изделия.", "price": "14700.00", "quantity": 14, "is_active": true}}, {"model": "mainapp.product", "pk": 22, "fields": {"category": 7, "name": "Диван-кровать", "image": "product_img/sofa_370_370_AkfMmAO_ijISyHI.jpg", "short_desc": "Отличный стильный диван для гостинной", "description": "Один из классических представителей скандинавского стиля. Он минималистичен и привлекателен.", "price": "33999.90", "quantity": 17, "is_active": true}}, {"model": "mainapp.product", "pk": 23, "fields": {"category": 6, "name": "красный стол в офис", "image": "product_img/work_chair_e811SSe.jpg", "short_desc": "Офисный стул для письменного стола", "description": "Сиденье и спинка мягкие. Материал обивки стула ИЗО - на выбор заказчика.  Штабелируется - экономит место. Вы быстро можете освободить пространство помещения.  В качестве дополнительной опции может поставляться с пластиковыми подлокотниками и столиком.", "price": "8350.00", "quantity": 39, "is_active": true}}, {"model": "mainapp.product", "pk": 24, "fields": {"category": 9, "name": "Ваза декор", "image": "product_img/product-61_zgnxLZv.jpg", "short_desc": "В вазу можно ставить цветы или использовать ее без цветов как аксессуар для оформления интерьера.", "description": "Как аксессуар ваза несет в себе две важные для интерьера функции,  я именно, практичность и эстетику.  В современном дизайне интерьеров вазы давно перешли из функционального предмета для хранения цветов в полноценный элемент декора и акцент.", "price": "1750.00", "quantity": 22, "is_active": true}}, {"model": "mainapp.product", "pk": 25, "fields": {"category": 8, "name": "Лампа UFO", "image": "product_img/product_lamp_YRraH6P.jpg", "short_desc": "Лампа декор жёлтый свет", "description": "Декоративная филаментная лампа серии ''Декор'' в форме вытянутой груши от бренда ''Фотон'' украсит любой интерьер и придаст ему неповторимый шарм.", "price": "2990.00", "quantity": 109, "is_active": true}}, {"model": "mainapp.product", "pk": 26, "fields": {"category": 7, "name": "подушка для мебели", "image": "product_img/pillow_b4JRt2M.jpg", "short_desc": "подушка красная с узором", "description": "Декоративная подушка состоит из чехла, наполнителя и (опционально) украшений.", "price": "5550.00", "quantity": 52, "is_active": true}}, {"model": "mainapp.product", "pk": 27, "fields": {"category": 7, "name": "Кувшин/ваза белый", "image": "product_img/product-3_uVhQF5S.jpg", "short_desc": "Кувшин – это эстетически привлекательная и невероятно практичная посуда.", "description": "Экологичный и безопасный для здоровья материал благодаря современным технологиям обработки служит базой для создания изысканной и невероятно красивой посуды, в том числе кувшинов.", "price": "5100.00", "quantity": 90, "is_active": true}}, {"model": "mainapp.product", "pk": 28, "fields": {"category": 8, "name": "стул красный комфорт-класс", "image": "product_img/red_chair_R9EnC1Y.jpg", "short_desc": "Дизайнерский стул", "description": "Дизайн и технологии объединились, чтобы создать более легкий, высокопроизводительный продукт для помещений на открытом воздухе, украшенный таким же мастерством, - это сотни метров высокотехнологичного шнура, отражающего особые характеристики.", "price": "9500.00", "quantity": 123, "is_active": true}}, {"model": "mainapp.product", "pk": 29, "fields": {"category": 8, "name": "Стул синий комфорт-класс", "image": "product_img/controll_4zorvLa.jpg", "short_desc": "Дизайнерский стул", "description": "Дизайн и технологии объединились, чтобы создать более легкий, высокопроизводительный продукт для помещений на открытом воздухе, украшенный таким же мастерством, - это сотни метров высокотехнологичного шнура, отражающего особые характеристики.", "price": "9500.00", "quantity": 112, "is_active": true}}, {"model": "mainapp.product", "pk": 30, "fields": {"category": 10, "name": "Тест товар", "image": "product_img/default_CDgHouG.jpg", "short_desc": "Тестовый товар", "description": "Товар для проверки отображения в заказе пользователя", "price": "1500.00", "quantity": 3, "is_active": true}}, {"model": "ordersapp.orderitem", "pk": 1, "fields": {"order": 2, "product": 24, "quantity": 1}}, {"model": "ordersapp.orderitem", "pk": 2, "fields": {"order": 2, "product": 24, "quantity": 1}}, {"model": "ordersapp.orderitem", "pk": 3, "fields": {"order": 2, "product": 24, "quantity": 1}}, {"model": "ordersapp.orderitem", "pk": 4, "fields": {"order": 3, "product": 24, "quantity": 1}}, {"model": "ordersapp.orderitem", "pk": 5, "fields": {"order": 5, "product": 25, "quantity": 1}}, {"model": "ordersapp.orderitem", "pk": 6, "fields": {"order": 5, "product": 20, "quantity": 2}}, {"model": "ordersapp.orderitem", "pk": 7, "fields": {"order": 5, "product": 21, "quantity": 1}}, {"model": "ordersapp.orderitem", "pk": 8, "fields": {"order": 5, "product": 29, "quantity": 1}}, {"model": "ordersapp.orderitem", "pk": 9, "fields": {"order": 5, "product": 18, "quantity": 2}}, {"model": "ordersapp.orderitem", "pk": 10, "fields": {"order": 6, "product": 26, "quantity": 2}}, {"model": "ordersapp.orderitem", "pk": 11, "fields": {"order": 6, "product": 20, "quantity": 1}}, {"model": "ordersapp.orderitem", "pk": 12, "fields": {"order": 6, "product": 18, "quantity": 3}}, {"model": "ordersapp.orderitem", "pk": 13, "fields": {"order": 7, "product": 22, "quantity": 2}}, {"model": "ordersapp.orderitem", "pk": 14, "fields": {"order": 7, "product": 24, "quantity": 1}}, {"model": "ordersapp.orderitem", "pk": 15, "fields": {"order": 7, "product": 20, "quantity": 1}}, {"model": "ordersapp.orderitem", "pk": 16, "fields": {"order": 8, "product": 22, "quantity": 2}}, {"model": "ordersapp.orderitem", "pk": 17, "fields": {"order": 8, "product": 24, "quantity": 1}}, {"model": "ordersapp.orderitem", "pk": 18, "fields": {"order": 8, "product": 20, "quantity": 1}}, {"model": "ordersapp.orderitem", "pk": 19, "fields": {"order": 9, "product": 22, "quantity": 2}}, {"model": "ordersapp.orderitem", "pk": 20, "fields": {"order": 9, "product": 24, "quantity": 1}}, {"model": "ordersapp.orderitem", "pk": 21, "fields": {"order": 9, "product": 20, "quantity": 1}}, {"model": "ordersapp.orderitem", "pk": 22, "fields": {"order": 10, "product": 28, "quantity": 2}}, {"model": "ordersapp.orderitem", "pk": 23, "fields": {"order": 10, "product": 20, "quantity": 1}}, {"model": "ordersapp.orderitem", "pk": 24, "fields": {"order": 10, "product": 25, "quantity": 1}}, {"model": "ordersapp.orderitem", "pk": 25, "fields": {"order": 11, "product": 28, "quantity": 1}}, {"model": "ordersapp.orderitem", "pk": 26, "fields": {"order": 11, "product": 21, "quantity": 1}}, {"model": "ordersapp.orderitem", "pk": 27, "fields": {"order": 12, "product": 28, "quantity": 1}}, {"model": "ordersapp.orderitem", "pk": 28, "fields": {"order": 12, "product": 21, "quantity": 1}}, {"model": "ordersapp.orderitem", "pk": 29, "fields": {"order": 13, "product": 26, "quantity": 2}}, {"model": "ordersapp.orderitem", "pk": 30, "fields": {"order": 13, "product": 20, "quantity": 1}}, {"model": "ordersapp.orderitem", "pk": 31, "fields": {"order": 13, "product": 23, "quantity": 2}}, {"model": "ordersapp.orderitem", "pk": 32, "fields": {"order": 14, "product": 26, "quantity": 2}}, {"model": "ordersapp.orderitem", "pk": 33, "fields": {"order": 14, "product": 20, "quantity": 1}}, {"model": "ordersapp.orderitem", "pk": 34, "fields": {"order": 14, "product": 23, "quantity": 3}}, {"model": "ordersapp.orderitem", "pk": 36, "fields": {"order": 16, "product": 20, "quantity": 4}}, {"model": "ordersapp.orderitem", "pk": 37, "fields": {"order": 17, "product": 22, "quantity": 1}}, {"model": "ordersapp.orderitem", "pk": 38, "fields": {"order": 17, "product": 25, "quantity": 2}}, {"model": "ordersapp.orderitem", "pk": 39, "fields": {"order": 10, "product": 26, "quantity": 3}}, {"model": "ordersapp.orderitem", "pk": 40, "fields": {"order": 15, "product": 22, "quantity": 2}}, {"model": "ordersapp.orderitem", "pk": 41, "fields": {"order": 15, "product": 18, "quantity": 2}}, {"model": "ordersapp.orderitem", "pk": 42, "fields": {"order": 15, "product": 22, "quantity": 1}}, {"model": "ordersapp.orderitem", "pk": 47, "fields": {"order": 19, "product": 24, "quantity": 3}}, {"model": "ordersapp.orderitem", "pk": 48, "fields": {"order": 19, "product": 27, "quantity": 25}}, {"model": "ordersapp.orderitem", "pk": 49, "fields": {"order": 17, "product": 27, "quantity": 5}}, {"model": "ordersapp.orderitem", "pk": 52, "fields": {"order": 21, "product": 22, "quantity": 3}}, {"model": "ordersapp.orderitem", "pk": 53, "fields": {"order": 21, "product": 25, "quantity": 12}}, {"model": "ordersapp.orderitem", "pk": 54, "fields": {"order": 22, "product": 23, "quantity": 2}}, {"model": "ordersapp.orderitem", "pk": 55, "fields": {"order": 22, "product": 18, "quantity": 1}}, {"model": "ordersapp.orderitem", "pk": 56, "fields": {"order": 22, "product": 27, "quantity": 3}}, {"model": "ordersapp.orderitem", "pk": 57, "fields": {"order": 22, "product": 20, "quantity": 1}}, {"model": "ordersapp.orderitem", "pk": 58, "fields": {"order": 22, "product": 24, "quantity": 4}}, {"model": "ordersapp.orderitem", "pk": 60, "fields": {"order": 23, "product": 25, "quantity": 5}}, {"model": "ordersapp.orderitem", "pk": 61, "fields": {"order": 23, "product": 27, "quantity": 12}}, {"model": "ordersapp.orderitem", "pk": 62, "fields": {"order": 23, "product": 26, "quantity": 4}}, {"model": "ordersapp.orderitem", "pk": 63, "fields": {"order": 26, "product": 25, "quantity": 1}}, {"model": "ordersapp.orderitem", "pk": 64, "fields": {"order": 26, "product": 18, "quantity": 2}}, {"model": "ordersapp.orderitem", "pk": 68, "fields": {"order": 26, "product": 23, "quantity": 1}}, {"model": "ordersapp.orderitem", "pk": 69, "fields": {"order": 26, "product": 28, "quantity": 3}}, {"model": "ordersapp.orderitem", "pk": 70, "fields": {"order": 26, "product": 19, "quantity": 1}}, {"model": "ordersapp.orderitem", "pk": 71, "fields": {"order": 26, "product": 27, "quantity": 0}}, {"model": "auth.permission", "fields": {"name": "Can add log entry", "content_type": ["admin", "logentry"], "codename": "add_logentry"}}, {"model": "auth.permission", "fields": {"name": "Can change log entry", "content_type": ["admin", "logentry"], "codename": "change_logentry"}}, {"model": "auth.permission", "fields": {"name": "Can delete log entry", "content_type": ["admin", "logentry"], "codename": "delete_logentry"}}, {"model": "auth.permission", "fields": {"name": "Can view log entry", "content_type": ["admin", "logentry"], "codename": "view_logentry"}}, {"model": "auth.permission", "fields": {"name": "Can add permission", "content_type": ["auth", "permission"], "codename": "add_permission"}}, {"model": "auth.permission", "fields": {"name": "Can change permission", "content_type": ["auth", "permission"], "codename": "change_permission"}}, {"model": "auth.permission", "fields": {"name": "Can delete permission", "content_type": ["auth", "permission"], "codename": "delete_permission"}}, {"model": "auth.permission", "fields": {"name": "Can view permission", "content_type": ["auth", "permission"], "codename": "view_permission"}}, {"model": "auth.permission", "fields": {"name": "Can add group", "content_type": ["auth", "group"], "codename": "add_group"}}, {"model": "auth.permission", "fields": {"name": "Can change group", "content_type": ["auth", "group"], "codename": "change_group"}}, {"model": "auth.permission", "fields": {"name": "Can delete group", "content_type": ["auth", "group"], "codename": "delete_group"}}, {"model": "auth.permission", "fields": {"name": "Can view group", "content_type": ["auth", "group"], "codename": "view_group"}}, {"model": "auth.permission", "fields": {"name": "Can add content type", "content_type": ["contenttypes", "contenttype"], "codename": "add_contenttype"}}, {"model": "auth.permission", "fields": {"name": "Can change content type", "content_type": ["contenttypes", "contenttype"], "codename": "change_contenttype"}}, {"model": "auth.permission", "fields": {"name": "Can delete content type", "content_type": ["contenttypes", "contenttype"], "codename": "delete_contenttype"}}, {"model": "auth.permission", "fields": {"name": "Can view content type", "content_type": ["contenttypes", "contenttype"], "codename": "view_contenttype"}}, {"model": "auth.permission", "fields": {"name": "Can add session", "content_type": ["sessions", "session"], "codename": "add_session"}}, {"model": "auth.permission", "fields": {"name": "Can change session", "content_type": ["sessions", "session"], "codename": "change_session"}}, {"model": "auth.permission", "fields": {"name": "Can delete session", "content_type": ["sessions", "session"], "codename": "delete_session"}}, {"model": "auth.permission", "fields": {"name": "Can view session", "content_type": ["sessions", "session"], "codename": "view_session"}}, {"model": "auth.permission", "fields": {"name": "Can add категория продукта", "content_type": ["mainapp", "productcategory"], "codename": "add_productcategory"}}, {"model": "auth.permission", "fields": {"name": "Can change категория продукта", "content_type": ["mainapp", "productcategory"], "codename": "change_productcategory"}}, {"model": "auth.permission", "fields": {"name": "Can delete категория продукта", "content_type": ["mainapp", "productcategory"], "codename": "delete_productcategory"}}, {"model": "auth.permission", "fields": {"name": "Can view категория продукта", "content_type": ["mainapp", "productcategory"], "codename": "view_productcategory"}}, {"model": "auth.permission", "fields": {"name": "Can add продукт", "content_type": ["mainapp", "product"], "codename": "add_product"}}, {"model": "auth.permission", "fields": {"name": "Can change продукт", "content_type": ["mainapp", "product"], "codename": "change_product"}}, {"model": "auth.permission", "fields": {"name": "Can delete продукт", "content_type": ["mainapp", "product"], "codename": "delete_product"}}, {"model": "auth.permission", "fields": {"name": "Can view продукт", "content_type": ["mainapp", "product"], "codename": "view_product"}}, {"model": "auth.permission", "fields": {"name": "Can add user", "content_type": ["authapp", "shopuser"], "codename": "add_shopuser"}}, {"model": "auth.permission", "fields": {"name": "Can change user", "content_type": ["authapp", "shopuser"], "codename": "change_shopuser"}}, {"model": "auth.permission", "fields": {"name": "Can delete user", "content_type": ["authapp", "shopuser"], "codename": "delete_shopuser"}}, {"model": "auth.permission", "fields": {"name": "Can view user", "content_type": ["authapp", "shopuser"], "codename": "view_shopuser"}}, {"model": "auth.permission", "fields": {"name": "Can add basket", "content_type": ["basketapp", "basket"], "codename": "add_basket"}}, {"model": "auth.permission", "fields": {"name": "Can change basket", "content_type": ["basketapp", "basket"], "codename": "change_basket"}}, {"model": "auth.permission", "fields": {"name": "Can delete basket", "content_type": ["basketapp", "basket"], "codename": "delete_basket"}}, {"model": "auth.permission", "fields": {"name": "Can view basket", "content_type": ["basketapp", "basket"], "codename": "view_basket"}}, {"model": "auth.permission", "fields": {"name": "Can add association", "content_type": ["social_django", "association"], "codename": "add_association"}}, {"model": "auth.permission", "fields": {"name": "Can change association", "content_type": ["social_django", "association"], "codename": "change_association"}}, {"model": "auth.permission", "fields": {"name": "Can delete association", "content_type": ["social_django", "association"], "codename": "delete_association"}}, {"model": "auth.permission", "fields": {"name": "Can view association", "content_type": ["social_django", "association"], "codename": "view_association"}}, {"model": "auth.permission", "fields": {"name": "Can add code", "content_type": ["social_django", "code"], "codename": "add_code"}}, {"model": "auth.permission", "fields": {"name": "Can change code", "content_type": ["social_django", "code"], "codename": "change_code"}}, {"model": "auth.permission", "fields": {"name": "Can delete code", "content_type": ["social_django", "code"], "codename": "delete_code"}}, {"model": "auth.permission", "fields": {"name": "Can view code", "content_type": ["social_django", "code"], "codename": "view_code"}}, {"model": "auth.permission", "fields": {"name": "Can add nonce", "content_type": ["social_django", "nonce"], "codename": "add_nonce"}}, {"model": "auth.permission", "fields": {"name": "Can change nonce", "content_type": ["social_django", "nonce"], "codename": "change_nonce"}}, {"model": "auth.permission", "fields": {"name": "Can delete nonce", "content_type": ["social_django", "nonce"], "codename": "delete_nonce"}}, {"model": "auth.permission", "fields": {"name": "Can view nonce", "content_type": ["social_django", "nonce"], "codename": "view_nonce"}}, {"model": "auth.permission", "fields": {"name": "Can add user social auth", "content_type": ["social_django", "usersocialauth"], "codename": "add_usersocialauth"}}, {"model": "auth.permission", "fields": {"name": "Can change user social auth", "content_type": ["social_django", "usersocialauth"], "codename": "change_usersocialauth"}}, {"model": "auth.permission", "fields": {"name": "Can delete user social auth", "content_type": ["social_django", "usersocialauth"], "codename": "delete_usersocialauth"}}, {"model": "auth.permission", "fields": {"name": "Can view user social auth", "content_type": ["social_django", "usersocialauth"], "codename": "view_usersocialauth"}}, {"model": "auth.permission", "fields": {"name": "Can add partial", "content_type": ["social_django", "partial"], "codename": "add_partial"}}, {"model": "auth.permission", "fields": {"name": "Can change partial", "content_type": ["social_django", "partial"], "codename": "change_partial"}}, {"model": "auth.permission", "fields": {"name": "Can delete partial", "content_type": ["social_django", "partial"], "codename": "delete_partial"}}, {"model": "auth.permission", "fields": {"name": "Can view partial", "content_type": ["social_django", "partial"], "codename": "view_partial"}}, {"model": "auth.permission", "fields": {"name": "Can add shop user profile", "content_type": ["authapp", "shopuserprofile"], "codename": "add_shopuserprofile"}}, {"model": "auth.permission", "fields": {"name": "Can change shop user profile", "content_type": ["authapp", "shopuserprofile"], "codename": "change_shopuserprofile"}}, {"model": "auth.permission", "fields": {"name": "Can delete shop user profile", "content_type": ["authapp", "shopuserprofile"], "codename": "delete_shopuserprofile"}}, {"model": "auth.permission", "fields": {"name": "Can view shop user profile", "content_type": ["authapp", "shopuserprofile"], "codename": "view_shopuserprofile"}}, {"model": "auth.permission", "fields": {"name": "Can add order item", "content_type": ["ordersapp", "orderitem"], "codename": "add_orderitem"}}, {"model": "auth.permission", "fields": {"name": "Can change order item", "content_type": ["ordersapp", "orderitem"], "codename": "change_orderitem"}}, {"model": "auth.permission", "fields": {"name": "Can delete order item", "content_type": ["ordersapp", "orderitem"], "codename": "delete_orderitem"}}, {"model": "auth.permission", "fields": {"name": "Can view order item", "content_type": ["ordersapp", "orderitem"], "codename": "view_orderitem"}}, {"model": "auth.permission", "fields": {"name": "Can add заказ", "content_type": ["ordersapp", "order"], "codename": "add_order"}}, {"model": "auth.permission", "fields": {"name": "Can change заказ", "content_type": ["ordersapp", "order"], "codename": "change_order"}}, {"model": "auth.permission", "fields": {"name": "Can delete заказ", "content_type": ["ordersapp", "order"], "codename": "delete_order"}}, {"model": "auth.permission", "fields": {"name": "Can view заказ", "content_type": ["ordersapp", "order"], "codename": "view_order"}}, {"model": "authapp.shopuser", "fields": {"password": "pbkdf2_sha256$260000$yiXVVoWNbyDjR7zfbvrvZb$Q6S+bplIUwDaQIcKjDBbqKRNfFx7iTGVbXDUn/oMtC0=", "last_login": "2021-07-18T12:58:29.977Z", "is_superuser": true, "username": "django", "first_name": "Женя", "last_name": "Богдашева", "email": "django@ya.ru", "is_staff": true, "is_active": true, "date_joined": "2021-05-13T12:05:47Z", "avatar": "user_avatars/_user_hmKljem.png", "age": 100, "activation_key": "", "activation_key_created": "2021-06-23T12:08:12.539Z", "groups": [], "user_permissions": []}}, {"model": "authapp.shopuser", "fields": {"password": "pbkdf2_sha256$260000$DINtuToo5qMvOF7OXCW4SV$kgroUnPW7XYXkVb1ZGmfH2f+JlN1cjJfhN8TOSRfQcU=", "last_login": "2021-06-29T19:39:26.144Z", "is_superuser": false, "username": "django1", "first_name": "django1", "last_name": "", "email": "django1@ya.ru", "is_staff": false, "is_active": true, "date_joined": "2021-05-13T18:45:26.046Z", "avatar": "user_avatars/_user_wwaqypt.png", "age": 20, "activation_key": "", "activation_key_created": "2021-06-23T12:08:12.539Z", "groups": [], "user_permissions": []}}, {"model": "authapp.shopuser", "fields": {"password": "pbkdf2_sha256$260000$hHr0YWS5qv7YNDOxJWkMAw$KTvYzNpyiFTECmmUZCP/v+R6hEE3JKMGHSFX0Ce3AU8=", "last_login": null, "is_superuser": false, "username": "django0", "first_name": "Dddjango", "last_name": "", "email": "django@gb.local", "is_staff": false, "is_active": false, "date_joined": "2021-06-30T12:53:57.358Z", "avatar": "", "age": 18, "activation_key": "5149cc87694d083a47a091b0cdda0ed15499b2f0", "activation_key_created": "2021-06-30T12:53:57.537Z", "groups": [], "user_permissions": []}}, {"model": "authapp.shopuser", "fields": {"password": "pbkdf2_sha256$260000$1fsMMF322buWg9SStHG1Ql$UYCeTme2RUzqgp9G0r8CCLoOsWoXJgci196ENTR6fxU=", "last_login": null, "is_superuser": false, "username": "django01", "first_name": "Dddjango", "last_name": "", "email": "django@gb.local", "is_staff": false, "is_active": false, "date_joined": "2021-06-30T12:54:30.327Z", "avatar": "", "age": 18, "activation_key": "10dfc86ec821ad5e4bce09d4c1f746fc3bca9e9f", "activation_key_created": "2021-06-30T12:54:30.490Z", "groups": [], "user_permissions": []}}, {"model": "authapp.shopuser", "fields": {"password": "pbkdf2_sha256$260000$3CqS11NUjtRFYKZ0EDqWXl$whl2yBULD4CT7N29xLSnRsEVJ8B5azNIvZHqTZP4DcM=", "last_login": null, "is_superuser": false, "username": "django002", "first_name": "fghjk", "last_name": "", "email": "django@ya.ru", "is_staff": false, "is_active": false, "date_joined": "2021-06-30T13:17:23.254Z", "avatar": "", "age": 18, "activation_key": "34bf8cba7de36a5c90db6054fb4162bee60f059a", "activation_key_created": "2021-06-30T13:17:23.438Z", "groups": [], "user_permissions": []}}, {"model": "authapp.shopuser", "fields": {"password": "!QWvwQdfc2GyzOLZoWRfTrSctvT6feIalr53v5ZPJ", "last_login": "2021-07-05T15:55:51.806Z", "is_superuser": false, "username": "id20720749", "first_name": "Zhenya", "last_name": "Bardachina", "email": "zhenya-bogdasheva@ya.ru", "is_staff": false, "is_active": true, "date_joined": "2021-06-30T18:19:38.515Z", "avatar": "user_avatars/13.jpg", "age": 35, "activation_key": "", "activation_key_created": "2021-06-30T18:19:38.516Z", "groups": [], "user_permissions": []}}, {"model": "authapp.shopuser", "fields": {"password": "pbkdf2_sha256$260000$Eq8GfJxHYQH2JHhpMhEail$zKmMBnKiNld+YgDY9MGbArMDeTTwC7jt8TxmiWdtAWs=", "last_login": null, "is_superuser": false, "username": "django1000", "first_name": "django-1000", "last_name": "", "email": "django1000@gb.local", "is_staff": false, "is_active": false, "date_joined": "2021-07-01T13:35:08.245Z", "avatar": "", "age": 18, "activation_key": "5109a1d127c13dd4f6a279de866c2d87b357f4e2", "activation_key_created": "2021-07-01T13:35:08.671Z", "groups": [], "user_permissions": []}}, {"model": "authapp.shopuser", "fields": {"password": "pbkdf2_sha256$260000$AJaCsjZByK6LhVpRMbXh7o$cuWFy8zHWf/ISSAddfxk1A9EgObf2MVsDXCrh1bMGe0=", "last_login": null, "is_superuser": false, "username": "django10001", "first_name": "django-1001", "last_name": "", "email": "django1001@gb.local", "is_staff": false, "is_active": true, "date_joined": "2021-07-01T13:39:06.460Z", "avatar": "", "age": 18, "activation_key": "", "activation_key_created": null, "groups": [], "user_permissions": []}}, {"model": "authapp.shopuserprofile", "pk": 2, "fields": {"tagline": "", "aboutMe": "", "gender": ""}}, {"model": "authapp.shopuserprofile", "pk": 3, "fields": {"tagline": "", "aboutMe": "", "gender": ""}}, {"model": "authapp.shopuserprofile", "pk": 10, "fields": {"tagline": "", "aboutMe": "", "gender": ""}}, {"model": "authapp.shopuserprofile", "pk": 11, "fields": {"tagline": "", "aboutMe": "", "gender": ""}}, {"model": "authapp.shopuserprofile", "pk": 12, "fields": {"tagline": "", "aboutMe": "", "gender": ""}}, {"model": "authapp.shopuserprofile", "pk": 13, "fields": {"tagline": "", "aboutMe": "", "gender": "W"}}, {"model": "authapp.shopuserprofile", "pk": 14, "fields": {"tagline": "", "aboutMe": "", "gender": ""}}, {"model": "authapp.shopuserprofile", "pk": 15, "fields": {"tagline": "", "aboutMe": "", "gender": ""}}, {"model": "basketapp.basket", "pk": 19, "fields": {"user": ["id20720749"], "product": 22, "quantity": 2, "add_datatime": "2021-06-30T19:14:13.430Z", "upd_datatime": "2021-07-05T15:52:00.725Z"}}, {"model": "basketapp.basket", "pk": 20, "fields": {"user": ["id20720749"], "product": 21, "quantity": 2, "add_datatime": "2021-07-01T15:43:02.795Z", "upd_datatime": "2021-07-01T15:43:08.833Z"}}, {"model": "basketapp.basket", "pk": 29, "fields": {"user": ["id20720749"], "product": 24, "quantity": 1, "add_datatime": "2021-07-05T17:10:28.623Z", "upd_datatime": "2021-07-05T17:10:28.638Z"}}, {"model": "social_django.usersocialauth", "pk": 3, "fields": {"user": ["id20720749"], "provider": "vk-oauth2", "uid": "20720749", "extra_data": "{\"auth_time\": 1625500551, \"id\": 20720749, \"expires\": 86399, \"access_token\": \"ec68d409779490dc9bce6cda919eab2f43f00647a2f7fe41a772c7589327ff057a420ec8bd7d3111efd85\", \"token_type\": null}", "created": "2021-06-30T18:19:38.718Z", "modified": "2021-07-05T15:55:51.761Z"}}, {"model": "ordersapp.order", "pk": 1, "fields": {"user": ["django"], "created": "2021-07-05T21:30:50.368Z", "updated": "2021-07-09T16:18:45.429Z", "status": "FM", "is_active": false}}, {"model": "ordersapp.order", "pk": 2, "fields": {"user": ["django"], "created": "2021-07-05T22:12:51.649Z", "updated": "2021-07-09T16:18:51.160Z", "status": "FM", "is_active": false}}, {"model": "ordersapp.order", "pk": 3, "fields": {"user": ["django"], "created": "2021-07-06T13:57:53.774Z", "updated": "2021-07-09T16:19:03.284Z", "status": "FM", "is_active": false}}, {"model": "ordersapp.order", "pk": 4, "fields": {"user": ["django"], "created": "2021-07-06T14:48:08.211Z", "updated": "2021-07-06T14:48:08.233Z", "status": "FM", "is_active": false}}, {"model": "ordersapp.order", "pk": 5, "fields": {"user": ["django"], "created": "2021-07-06T21:51:01.394Z", "updated": "2021-07-09T16:19:05.713Z", "status": "FM", "is_active": false}}, {"model": "ordersapp.order", "pk": 6, "fields": {"user": ["django"], "created": "2021-07-07T11:57:08.840Z", "updated": "2021-07-07T18:02:57.610Z", "status": "STP", "is_active": true}}, {"model": "ordersapp.order", "pk": 7, "fields": {"user": ["django"], "created": "2021-07-07T13:15:02.187Z", "updated": "2021-07-07T13:15:02.187Z", "status": "FM", "is_active": false}}, {"model": "ordersapp.order", "pk": 8, "fields": {"user": ["django"], "created": "2021-07-07T13:15:39.898Z", "updated": "2021-07-07T13:15:39.898Z", "status": "FM", "is_active": false}}, {"model": "ordersapp.order", "pk": 9, "fields": {"user": ["django"], "created": "2021-07-07T13:15:49.033Z", "updated": "2021-07-07T13:15:49.034Z", "status": "FM", "is_active": false}}, {"model": "ordersapp.order", "pk": 10, "fields": {"user": ["django"], "created": "2021-07-07T13:16:39.254Z", "updated": "2021-07-09T16:19:17.523Z", "status": "FM", "is_active": false}}, {"model": "ordersapp.order", "pk": 11, "fields": {"user": ["django"], "created": "2021-07-07T13:17:49.596Z", "updated": "2021-07-09T16:19:21.866Z", "status": "FM", "is_active": false}}, {"model": "ordersapp.order", "pk": 12, "fields": {"user": ["django"], "created": "2021-07-07T13:23:04.159Z", "updated": "2021-07-07T14:18:57.142Z", "status": "STP", "is_active": false}}, {"model": "ordersapp.order", "pk": 13, "fields": {"user": ["django"], "created": "2021-07-07T15:12:53.017Z", "updated": "2021-07-07T15:12:53.017Z", "status": "FM", "is_active": false}}, {"model": "ordersapp.order", "pk": 14, "fields": {"user": ["django"], "created": "2021-07-07T15:14:50.039Z", "updated": "2021-07-14T13:49:17.755Z", "status": "FM", "is_active": true}}, {"model": "ordersapp.order", "pk": 15, "fields": {"user": ["django"], "created": "2021-07-07T15:15:40.759Z", "updated": "2021-07-13T16:45:49.776Z", "status": "STP", "is_active": true}}, {"model": "ordersapp.order", "pk": 16, "fields": {"user": ["django"], "created": "2021-07-07T15:21:39.964Z", "updated": "2021-07-07T18:03:08.276Z", "status": "STP", "is_active": true}}, {"model": "ordersapp.order", "pk": 17, "fields": {"user": ["django"], "created": "2021-07-08T17:36:31.144Z", "updated": "2021-07-13T12:34:40.917Z", "status": "FM", "is_active": false}}, {"model": "ordersapp.order", "pk": 18, "fields": {"user": ["django"], "created": "2021-07-09T16:24:30.708Z", "updated": "2021-07-09T16:25:14.403Z", "status": "FM", "is_active": false}}, {"model": "ordersapp.order", "pk": 19, "fields": {"user": ["django"], "created": "2021-07-13T12:26:37.216Z", "updated": "2021-07-13T12:30:36.028Z", "status": "FM", "is_active": false}}, {"model": "ordersapp.order", "pk": 21, "fields": {"user": ["django"], "created": "2021-07-13T12:47:08.167Z", "updated": "2021-07-13T12:47:18.003Z", "status": "FM", "is_active": false}}, {"model": "ordersapp.order", "pk": 22, "fields": {"user": ["django"], "created": "2021-07-13T17:40:54.554Z", "updated": "2021-07-13T17:41:19.365Z", "status": "FM", "is_active": true}}, {"model": "ordersapp.order", "pk": 23, "fields": {"user": ["django"], "created": "2021-07-13T19:37:50.583Z", "updated": "2021-07-18T14:10:40.608Z", "status": "FM", "is_active": true}}, {"model": "ordersapp.order", "pk": 24, "fields": {"user": ["django"], "created": "2021-07-13T19:38:00.525Z", "updated": "2021-07-13T19:38:00.538Z", "status": "FM", "is_active": false}}, {"model": "ordersapp.order", "pk": 25, "fields": {"user": ["django"], "created": "2021-07-14T11:38:31.273Z", "updated": "2021-07-14T11:38:31.307Z", "status": "FM", "is_active": false}}, {"model": "ordersapp.order", "pk": 26, "fields": {"user": ["django"], "created": "2021-07-14T14:26:03.858Z", "updated": "2021-07-18T13:44:53.107Z", "status": "FM", "is_active": true}}, {"model": "admin.logentry", "pk": 2, "fields": {"action_time": "2021-05-13T12:10:16.956Z", "user": ["django"], "content_type": ["authapp", "shopuser"], "object_id": "2", "object_repr": "django", "action_flag": 2, "change_message": "[]"}}, {"model": "admin.logentry", "pk": 3, "fields": {"action_time": "2021-05-14T18:23:23.191Z", "user": ["django"], "content_type": ["mainapp", "product"], "object_id": "5", "object_repr": "Диван-кровать (категория: дом)", "action_flag": 1, "change_message": "[{\"added\": {}}]"}}, {"model": "admin.logentry", "pk": 4, "fields": {"action_time": "2021-05-14T18:26:44.778Z", "user": ["django"], "content_type": ["mainapp", "product"], "object_id": "6", "object_repr": "Ступка с пестиком (категория: дом)", "action_flag": 1, "change_message": "[{\"added\": {}}]"}}, {"model": "admin.logentry", "pk": 5, "fields": {"action_time": "2021-05-14T18:39:21.311Z", "user": ["django"], "content_type": ["mainapp", "product"], "object_id": "7", "object_repr": "подушка (категория: офис)", "action_flag": 1, "change_message": "[{\"added\": {}}]"}}, {"model": "admin.logentry", "pk": 6, "fields": {"action_time": "2021-05-14T18:43:47.212Z", "user": ["django"], "content_type": ["mainapp", "product"], "object_id": "8", "object_repr": "дизайнерский стул (категория: офис)", "action_flag": 1, "change_message": "[{\"added\": {}}]"}}, {"model": "admin.logentry", "pk": 7, "fields": {"action_time": "2021-05-14T18:45:48.551Z", "user": ["django"], "content_type": ["mainapp", "product"], "object_id": "9", "object_repr": "стул классика (категория: офис)", "action_flag": 1, "change_message": "[{\"added\": {}}]"}}, {"model": "admin.logentry", "pk": 8, "fields": {"action_time": "2021-05-14T18:48:06.709Z", "user": ["django"], "content_type": ["mainapp", "product"], "object_id": "10", "object_repr": "Ваза декор (категория: модерн)", "action_flag": 1, "change_message": "[{\"added\": {}}]"}}, {"model": "admin.logentry", "pk": 9, "fields": {"action_time": "2021-05-14T18:51:01.857Z", "user": ["django"], "content_type": ["mainapp", "product"], "object_id": "11", "object_repr": "лампа (категория: модерн)", "action_flag": 1, "change_message": "[{\"added\": {}}]"}}, {"model": "admin.logentry", "pk": 10, "fields": {"action_time": "2021-05-14T18:56:10.905Z", "user": ["django"], "content_type": ["mainapp", "product"], "object_id": "12", "object_repr": "кофейник (категория: модерн)", "action_flag": 1, "change_message": "[{\"added\": {}}]"}}, {"model": "admin.logentry", "pk": 11, "fields": {"action_time": "2021-05-14T19:34:03.265Z", "user": ["django"], "content_type": ["mainapp", "product"], "object_id": "13", "object_repr": "стул комфорт-класс (категория: модерн)", "action_flag": 1, "change_message": "[{\"added\": {}}]"}}, {"model": "admin.logentry", "pk": 12, "fields": {"action_time": "2021-05-14T19:45:17.285Z", "user": ["django"], "content_type": ["mainapp", "product"], "object_id": "6", "object_repr": "Ступка с пестиком (категория: дом)", "action_flag": 2, "change_message": "[]"}}, {"model": "admin.logentry", "pk": 13, "fields": {"action_time": "2021-05-14T19:45:43.234Z", "user": ["django"], "content_type": ["mainapp", "product"], "object_id": "12", "object_repr": "кофейник (категория: модерн)", "action_flag": 3, "change_message": ""}}, {"model": "admin.logentry", "pk": 14, "fields": {"action_time": "2021-05-14T19:45:43.363Z", "user": ["django"], "content_type": ["mainapp", "product"], "object_id": "11", "object_repr": "лампа (категория: модерн)", "action_flag": 3, "change_message": ""}}, {"model": "admin.logentry", "pk": 15, "fields": {"action_time": "2021-05-14T19:47:10.250Z", "user": ["django"], "content_type": ["mainapp", "product"], "object_id": "7", "object_repr": "подушка для мебели (категория: офис)", "action_flag": 2, "change_message": "[{\"changed\": {\"fields\": [\"\\u0418\\u043c\\u044f\", \"\\u041a\\u0440\\u0430\\u0442\\u043a\\u043e\\u0435 \\u043e\\u043f\\u0438\\u0441\\u0430\\u043d\\u0438\\u0435\"]}}]"}}, {"model": "admin.logentry", "pk": 16, "fields": {"action_time": "2021-05-17T15:18:08.144Z", "user": ["django"], "content_type": ["mainapp", "product"], "object_id": "13", "object_repr": "стул комфорт-класс (категория: модерн)", "action_flag": 2, "change_message": "[{\"changed\": {\"fields\": [\"Image\"]}}]"}}, {"model": "admin.logentry", "pk": 17, "fields": {"action_time": "2021-05-17T15:18:58.937Z", "user": ["django"], "content_type": ["mainapp", "product"], "object_id": "13", "object_repr": "стул комфорт-класс (категория: модерн)", "action_flag": 2, "change_message": "[{\"changed\": {\"fields\": [\"Image\"]}}]"}}, {"model": "admin.logentry", "pk": 18, "fields": {"action_time": "2021-05-17T15:19:30.954Z", "user": ["django"], "content_type": ["mainapp", "product"], "object_id": "2", "object_repr": "сосновый стол (категория: дом)", "action_flag": 2, "change_message": "[{\"changed\": {\"fields\": [\"Image\"]}}]"}}, {"model": "admin.logentry", "pk": 19, "fields": {"action_time": "2021-05-17T15:19:57.693Z", "user": ["django"], "content_type": ["mainapp", "product"], "object_id": "2", "object_repr": "сосновый стол (категория: дом)", "action_flag": 2, "change_message": "[{\"changed\": {\"fields\": [\"Image\"]}}]"}}, {"model": "admin.logentry", "pk": 20, "fields": {"action_time": "2021-05-17T15:20:19.830Z", "user": ["django"], "content_type": ["mainapp", "product"], "object_id": "2", "object_repr": "сосновый стол (категория: дом)", "action_flag": 2, "change_message": "[{\"changed\": {\"fields\": [\"Image\"]}}]"}}, {"model": "admin.logentry", "pk": 21, "fields": {"action_time": "2021-05-17T15:33:50.487Z", "user": ["django"], "content_type": ["mainapp", "product"], "object_id": "2", "object_repr": "сосновый стол (категория: дом)", "action_flag": 2, "change_message": "[{\"changed\": {\"fields\": [\"Image\"]}}]"}}, {"model": "admin.logentry", "pk": 22, "fields": {"action_time": "2021-05-17T15:34:59.231Z", "user": ["django"], "content_type": ["mainapp", "product"], "object_id": "5", "object_repr": "Диван-кровать (категория: дом)", "action_flag": 2, "change_message": "[{\"changed\": {\"fields\": [\"Image\"]}}]"}}, {"model": "admin.logentry", "pk": 23, "fields": {"action_time": "2021-05-17T15:36:34.595Z", "user": ["django"], "content_type": ["mainapp", "product"], "object_id": "2", "object_repr": "сосновый стол (категория: дом)", "action_flag": 2, "change_message": "[{\"changed\": {\"fields\": [\"\\u041a\\u0440\\u0430\\u0442\\u043a\\u043e\\u0435 \\u043e\\u043f\\u0438\\u0441\\u0430\\u043d\\u0438\\u0435\"]}}]"}}, {"model": "admin.logentry", "pk": 24, "fields": {"action_time": "2021-05-17T15:36:54.219Z", "user": ["django"], "content_type": ["mainapp", "product"], "object_id": "2", "object_repr": "сосновый стол (категория: дом)", "action_flag": 2, "change_message": "[{\"changed\": {\"fields\": [\"Image\"]}}]"}}, {"model": "admin.logentry", "pk": 25, "fields": {"action_time": "2021-05-17T15:37:16.529Z", "user": ["django"], "content_type": ["mainapp", "product"], "object_id": "2", "object_repr": "сосновый стол (категория: дом)", "action_flag": 2, "change_message": "[{\"changed\": {\"fields\": [\"Image\"]}}]"}}, {"model": "admin.logentry", "pk": 26, "fields": {"action_time": "2021-05-17T15:38:08.184Z", "user": ["django"], "content_type": ["mainapp", "product"], "object_id": "2", "object_repr": "сосновый стол (категория: дом)", "action_flag": 2, "change_message": "[{\"changed\": {\"fields\": [\"Image\"]}}]"}}, {"model": "admin.logentry", "pk": 27, "fields": {"action_time": "2021-05-17T15:38:30.600Z", "user": ["django"], "content_type": ["mainapp", "product"], "object_id": "1", "object_repr": "дубовый стол (категория: классика)", "action_flag": 2, "change_message": "[{\"changed\": {\"fields\": [\"Image\"]}}]"}}, {"model": "admin.logentry", "pk": 28, "fields": {"action_time": "2021-05-17T15:40:27.040Z", "user": ["django"], "content_type": ["mainapp", "product"], "object_id": "7", "object_repr": "подушка для мебели (категория: офис)", "action_flag": 2, "change_message": "[{\"changed\": {\"fields\": [\"Image\"]}}]"}}, {"model": "admin.logentry", "pk": 29, "fields": {"action_time": "2021-05-17T15:43:16.930Z", "user": ["django"], "content_type": ["mainapp", "product"], "object_id": "3", "object_repr": "рабочий стул (категория: классика)", "action_flag": 2, "change_message": "[{\"changed\": {\"fields\": [\"Category\", \"Image\"]}}]"}}, {"model": "admin.logentry", "pk": 30, "fields": {"action_time": "2021-05-17T15:44:52.538Z", "user": ["django"], "content_type": ["mainapp", "product"], "object_id": "8", "object_repr": "дизайнерский стул (категория: офис)", "action_flag": 2, "change_message": "[{\"changed\": {\"fields\": [\"Image\"]}}]"}}, {"model": "admin.logentry", "pk": 31, "fields": {"action_time": "2021-05-17T16:32:01.515Z", "user": ["django"], "content_type": ["mainapp", "product"], "object_id": "13", "object_repr": "стул комфорт-класс (категория: модерн)", "action_flag": 2, "change_message": "[{\"changed\": {\"fields\": [\"Image\"]}}]"}}, {"model": "admin.logentry", "pk": 32, "fields": {"action_time": "2021-05-17T16:35:11.462Z", "user": ["django"], "content_type": ["mainapp", "product"], "object_id": "1", "object_repr": "лампа декоративная (категория: классика)", "action_flag": 2, "change_message": "[{\"changed\": {\"fields\": [\"\\u0418\\u043c\\u044f\", \"Image\", \"\\u041a\\u0440\\u0430\\u0442\\u043a\\u043e\\u0435 \\u043e\\u043f\\u0438\\u0441\\u0430\\u043d\\u0438\\u0435\", \"\\u041e\\u043f\\u0438\\u0441\\u0430\\u043d\\u0438\\u0435\", \"\\u0426\\u0435\\u043d\\u0430 \\u043f\\u0440\\u043e\\u0434\\u0443\\u043a\\u0442\\u0430\", \"\\u041a\\u043e\\u043b\\u0438\\u0447\\u0435\\u0441\\u0442\\u0432\\u043e \\u0442\\u043e\\u0432\\u0430\\u0440\\u0430 \\u043d\\u0430 \\u0441\\u043a\\u043b\\u0430\\u0434\\u0435\"]}}]"}}, {"model": "admin.logentry", "pk": 33, "fields": {"action_time": "2021-05-27T11:27:12.719Z", "user": ["django"], "content_type": ["mainapp", "product"], "object_id": "15", "object_repr": "Кресло игровое (категория: дом)", "action_flag": 2, "change_message": "[{\"changed\": {\"fields\": [\"Image\"]}}]"}}, {"model": "admin.logentry", "pk": 34, "fields": {"action_time": "2021-05-27T11:27:40.733Z", "user": ["django"], "content_type": ["mainapp", "product"], "object_id": "14", "object_repr": "Кресло игровое (категория: дом)", "action_flag": 3, "change_message": ""}}, {"model": "admin.logentry", "pk": 35, "fields": {"action_time": "2021-05-27T11:29:32.547Z", "user": ["django"], "content_type": ["mainapp", "product"], "object_id": "15", "object_repr": "Кресло игровое (категория: дом)", "action_flag": 2, "change_message": "[{\"changed\": {\"fields\": [\"Image\"]}}]"}}, {"model": "admin.logentry", "pk": 36, "fields": {"action_time": "2021-06-23T13:44:44.915Z", "user": ["django"], "content_type": ["authapp", "shopuser"], "object_id": "12", "object_repr": "django10", "action_flag": 3, "change_message": ""}}, {"model": "admin.logentry", "pk": 37, "fields": {"action_time": "2021-06-23T13:44:44.960Z", "user": ["django"], "content_type": ["authapp", "shopuser"], "object_id": "11", "object_repr": "django9", "action_flag": 3, "change_message": ""}}, {"model": "admin.logentry", "pk": 38, "fields": {"action_time": "2021-06-23T13:44:45.015Z", "user": ["django"], "content_type": ["authapp", "shopuser"], "object_id": "10", "object_repr": "django8", "action_flag": 3, "change_message": ""}}, {"model": "admin.logentry", "pk": 39, "fields": {"action_time": "2021-06-23T13:44:45.060Z", "user": ["django"], "content_type": ["authapp", "shopuser"], "object_id": "9", "object_repr": "django7", "action_flag": 3, "change_message": ""}}, {"model": "admin.logentry", "pk": 40, "fields": {"action_time": "2021-06-23T13:44:45.117Z", "user": ["django"], "content_type": ["authapp", "shopuser"], "object_id": "8", "object_repr": "django6", "action_flag": 3, "change_message": ""}}, {"model": "admin.logentry", "pk": 41, "fields": {"action_time": "2021-06-23T13:44:45.168Z", "user": ["django"], "content_type": ["authapp", "shopuser"], "object_id": "7", "object_repr": "django5", "action_flag": 3, "change_message": ""}}, {"model": "admin.logentry", "pk": 42, "fields": {"action_time": "2021-06-23T13:44:45.221Z", "user": ["django"], "content_type": ["authapp", "shopuser"], "object_id": "6", "object_repr": "django4", "action_flag": 3, "change_message": ""}}, {"model": "admin.logentry", "pk": 43, "fields": {"action_time": "2021-06-23T13:44:45.267Z", "user": ["django"], "content_type": ["authapp", "shopuser"], "object_id": "5", "object_repr": "django3", "action_flag": 3, "change_message": ""}}, {"model": "admin.logentry", "pk": 44, "fields": {"action_time": "2021-06-23T14:32:33.244Z", "user": ["django"], "content_type": ["authapp", "shopuser"], "object_id": "17", "object_repr": "django10", "action_flag": 3, "change_message": ""}}, {"model": "admin.logentry", "pk": 45, "fields": {"action_time": "2021-06-23T14:32:33.309Z", "user": ["django"], "content_type": ["authapp", "shopuser"], "object_id": "16", "object_repr": "django6", "action_flag": 3, "change_message": ""}}, {"model": "admin.logentry", "pk": 46, "fields": {"action_time": "2021-06-23T14:32:33.407Z", "user": ["django"], "content_type": ["authapp", "shopuser"], "object_id": "15", "object_repr": "django5", "action_flag": 3, "change_message": ""}}, {"model": "admin.logentry", "pk": 47, "fields": {"action_time": "2021-06-23T14:32:33.471Z", "user": ["django"], "content_type": ["authapp", "shopuser"], "object_id": "14", "object_repr": "django4", "action_flag": 3, "change_message": ""}}, {"model": "admin.logentry", "pk": 48, "fields": {"action_time": "2021-06-23T14:32:33.492Z", "user": ["django"], "content_type": ["authapp", "shopuser"], "object_id": "13", "object_repr": "django3", "action_flag": 3, "change_message": ""}}, {"model": "admin.logentry", "pk": 49, "fields": {"action_time": "2021-06-23T14:32:33.580Z", "user": ["django"], "content_type": ["authapp", "shopuser"], "object_id": "4", "object_repr": "django2", "action_flag": 3, "change_message": ""}}, {"model": "admin.logentry", "pk": 50, "fields": {"action_time": "2021-06-24T15:12:39.962Z", "user": ["django"], "content_type": ["authapp", "shopuser"], "object_id": "27", "object_repr": "django103", "action_flag": 3, "change_message": ""}}, {"model": "admin.logentry", "pk": 51, "fields": {"action_time": "2021-06-24T15:12:40.031Z", "user": ["django"], "content_type": ["authapp", "shopuser"], "object_id": "26", "object_repr": "django102", "action_flag": 3, "change_message": ""}}, {"model": "admin.logentry", "pk": 52, "fields": {"action_time": "2021-06-24T15:12:40.130Z", "user": ["django"], "content_type": ["authapp", "shopuser"], "object_id": "25", "object_repr": "django101", "action_flag": 3, "change_message": ""}}, {"model": "admin.logentry", "pk": 53, "fields": {"action_time": "2021-06-24T15:12:40.198Z", "user": ["django"], "content_type": ["authapp", "shopuser"], "object_id": "24", "object_repr": "django100", "action_flag": 3, "change_message": ""}}, {"model": "admin.logentry", "pk": 54, "fields": {"action_time": "2021-06-24T15:12:40.264Z", "user": ["django"], "content_type": ["authapp", "shopuser"], "object_id": "23", "object_repr": "django9", "action_flag": 3, "change_message": ""}}, {"model": "admin.logentry", "pk": 55, "fields": {"action_time": "2021-06-24T15:12:40.344Z", "user": ["django"], "content_type": ["authapp", "shopuser"], "object_id": "22", "object_repr": "django10", "action_flag": 3, "change_message": ""}}, {"model": "admin.logentry", "pk": 56, "fields": {"action_time": "2021-06-24T15:12:40.414Z", "user": ["django"], "content_type": ["authapp", "shopuser"], "object_id": "21", "object_repr": "django5", "action_flag": 3, "change_message": ""}}, {"model": "admin.logentry", "pk": 57, "fields": {"action_time": "2021-06-24T15:12:40.482Z", "user": ["django"], "content_type": ["authapp", "shopuser"], "object_id": "20", "object_repr": "django4", "action_flag": 3, "change_message": ""}}, {"model": "admin.logentry", "pk": 58, "fields": {"action_time": "2021-06-24T15:12:40.516Z", "user": ["django"], "content_type": ["authapp", "shopuser"], "object_id": "19", "object_repr": "django3", "action_flag": 3, "change_message": ""}}, {"model": "admin.logentry", "pk": 59, "fields": {"action_time": "2021-06-24T15:12:40.634Z", "user": ["django"], "content_type": ["authapp", "shopuser"], "object_id": "18", "object_repr": "django2", "action_flag": 3, "change_message": ""}}, {"model": "admin.logentry", "pk": 60, "fields": {"action_time": "2021-06-25T15:59:13.949Z", "user": ["django"], "content_type": ["authapp", "shopuser"], "object_id": "4", "object_repr": "id482804103", "action_flag": 3, "change_message": ""}}, {"model": "admin.logentry", "pk": 61, "fields": {"action_time": "2021-06-29T19:37:13.551Z", "user": ["django"], "content_type": ["authapp", "shopuser"], "object_id": "9", "object_repr": "django15", "action_flag": 3, "change_message": ""}}, {"model": "admin.logentry", "pk": 62, "fields": {"action_time": "2021-06-29T19:37:13.642Z", "user": ["django"], "content_type": ["authapp", "shopuser"], "object_id": "8", "object_repr": "django14", "action_flag": 3, "change_message": ""}}, {"model": "admin.logentry", "pk": 63, "fields": {"action_time": "2021-06-29T19:37:13.678Z", "user": ["django"], "content_type": ["authapp", "shopuser"], "object_id": "7", "object_repr": "django13", "action_flag": 3, "change_message": ""}}, {"model": "admin.logentry", "pk": 64, "fields": {"action_time": "2021-06-29T19:37:13.690Z", "user": ["django"], "content_type": ["authapp", "shopuser"], "object_id": "6", "object_repr": "django12", "action_flag": 3, "change_message": ""}}, {"model": "admin.logentry", "pk": 65, "fields": {"action_time": "2021-06-29T19:45:21.483Z", "user": ["django"], "content_type": ["mainapp", "productcategory"], "object_id": "9", "object_repr": "классика (2021-06-29 19:45:21.478564+00:00)", "action_flag": 2, "change_message": "[{\"changed\": {\"fields\": [\"\\u0418\\u043c\\u044f\", \"\\u041e\\u043f\\u0438\\u0441\\u0430\\u043d\\u0438\\u0435\"]}}]"}}, {"model": "admin.logentry", "pk": 66, "fields": {"action_time": "2021-06-29T19:46:44.756Z", "user": ["django"], "content_type": ["mainapp", "productcategory"], "object_id": "6", "object_repr": "офис (2021-06-29 19:46:44.752632+00:00)", "action_flag": 2, "change_message": "[{\"changed\": {\"fields\": [\"\\u0418\\u043c\\u044f\", \"\\u041e\\u043f\\u0438\\u0441\\u0430\\u043d\\u0438\\u0435\"]}}]"}}, {"model": "admin.logentry", "pk": 67, "fields": {"action_time": "2021-06-29T19:47:19.233Z", "user": ["django"], "content_type": ["mainapp", "productcategory"], "object_id": "8", "object_repr": "модерн (2021-06-29 19:47:19.231174+00:00)", "action_flag": 2, "change_message": "[{\"changed\": {\"fields\": [\"\\u0418\\u043c\\u044f\", \"\\u041e\\u043f\\u0438\\u0441\\u0430\\u043d\\u0438\\u0435\"]}}]"}}, {"model": "admin.logentry", "pk": 68, "fields": {"action_time": "2021-06-29T19:49:04.196Z", "user": ["django"], "content_type": ["mainapp", "productcategory"], "object_id": "7", "object_repr": "дом (2021-06-29 19:49:04.189785+00:00)", "action_flag": 2, "change_message": "[{\"changed\": {\"fields\": [\"\\u0418\\u043c\\u044f\", \"\\u041e\\u043f\\u0438\\u0441\\u0430\\u043d\\u0438\\u0435\"]}}]"}}, {"model": "admin.logentry", "pk": 69, "fields": {"action_time": "2021-06-29T19:50:00.574Z", "user": ["django"], "content_type": ["mainapp", "product"], "object_id": "20", "object_repr": "настольная лампа (категория: модерн)", "action_flag": 2, "change_message": "[{\"changed\": {\"fields\": [\"\\u0418\\u043c\\u044f\", \"Image\"]}}]"}}, {"model": "admin.logentry", "pk": 70, "fields": {"action_time": "2021-06-29T19:59:37.146Z", "user": ["django"], "content_type": ["mainapp", "product"], "object_id": "19", "object_repr": "рабочий стул (категория: дом)", "action_flag": 2, "change_message": "[{\"changed\": {\"fields\": [\"\\u0418\\u043c\\u044f\", \"Image\", \"\\u041a\\u0440\\u0430\\u0442\\u043a\\u043e\\u0435 \\u043e\\u043f\\u0438\\u0441\\u0430\\u043d\\u0438\\u0435\", \"\\u041e\\u043f\\u0438\\u0441\\u0430\\u043d\\u0438\\u0435\"]}}]"}}, {"model": "admin.logentry", "pk": 71, "fields": {"action_time": "2021-06-29T19:59:59.974Z", "user": ["django"], "content_type": ["mainapp", "product"], "object_id": "19", "object_repr": "рабочий стул (категория: офис)", "action_flag": 2, "change_message": "[{\"changed\": {\"fields\": [\"Category\"]}}]"}}, {"model": "admin.logentry", "pk": 72, "fields": {"action_time": "2021-06-30T09:32:47.735Z", "user": ["django"], "content_type": ["mainapp", "product"], "object_id": "21", "object_repr": "Сосновый стол (категория: дом)", "action_flag": 1, "change_message": "[{\"added\": {}}]"}}, {"model": "admin.logentry", "pk": 73, "fields": {"action_time": "2021-06-30T09:34:39.737Z", "user": ["django"], "content_type": ["mainapp", "product"], "object_id": "18", "object_repr": "Дубовый стол (категория: классика)", "action_flag": 2, "change_message": "[{\"changed\": {\"fields\": [\"\\u0418\\u043c\\u044f\", \"Image\", \"\\u041a\\u0440\\u0430\\u0442\\u043a\\u043e\\u0435 \\u043e\\u043f\\u0438\\u0441\\u0430\\u043d\\u0438\\u0435\", \"\\u041e\\u043f\\u0438\\u0441\\u0430\\u043d\\u0438\\u0435\", \"\\u0426\\u0435\\u043d\\u0430 \\u043f\\u0440\\u043e\\u0434\\u0443\\u043a\\u0442\\u0430\", \"\\u041a\\u043e\\u043b\\u0438\\u0447\\u0435\\u0441\\u0442\\u0432\\u043e \\u0442\\u043e\\u0432\\u0430\\u0440\\u0430 \\u043d\\u0430 \\u0441\\u043a\\u043b\\u0430\\u0434\\u0435\"]}}]"}}, {"model": "admin.logentry", "pk": 74, "fields": {"action_time": "2021-06-30T09:39:04.853Z", "user": ["django"], "content_type": ["mainapp", "product"], "object_id": "22", "object_repr": "Диван-кровать (категория: дом)", "action_flag": 1, "change_message": "[{\"added\": {}}]"}}, {"model": "admin.logentry", "pk": 75, "fields": {"action_time": "2021-06-30T09:39:52.018Z", "user": ["django"], "content_type": ["mainapp", "product"], "object_id": "22", "object_repr": "Диван-кровать (категория: дом)", "action_flag": 2, "change_message": "[{\"changed\": {\"fields\": [\"Image\"]}}]"}}, {"model": "admin.logentry", "pk": 76, "fields": {"action_time": "2021-06-30T09:40:16.903Z", "user": ["django"], "content_type": ["mainapp", "product"], "object_id": "21", "object_repr": "Сосновый стол (категория: дом)", "action_flag": 2, "change_message": "[{\"changed\": {\"fields\": [\"Image\"]}}]"}}, {"model": "admin.logentry", "pk": 77, "fields": {"action_time": "2021-06-30T10:57:45.411Z", "user": ["django"], "content_type": ["mainapp", "product"], "object_id": "23", "object_repr": "красный стол в офис (категория: офис)", "action_flag": 1, "change_message": "[{\"added\": {}}]"}}, {"model": "admin.logentry", "pk": 78, "fields": {"action_time": "2021-06-30T11:00:18.437Z", "user": ["django"], "content_type": ["mainapp", "product"], "object_id": "24", "object_repr": "Ваза декор (категория: классика)", "action_flag": 1, "change_message": "[{\"added\": {}}]"}}, {"model": "admin.logentry", "pk": 79, "fields": {"action_time": "2021-06-30T11:06:20.456Z", "user": ["django"], "content_type": ["mainapp", "product"], "object_id": "20", "object_repr": "настольная лампа (категория: модерн)", "action_flag": 2, "change_message": "[{\"changed\": {\"fields\": [\"\\u041a\\u0440\\u0430\\u0442\\u043a\\u043e\\u0435 \\u043e\\u043f\\u0438\\u0441\\u0430\\u043d\\u0438\\u0435\", \"\\u041e\\u043f\\u0438\\u0441\\u0430\\u043d\\u0438\\u0435\"]}}]"}}, {"model": "admin.logentry", "pk": 80, "fields": {"action_time": "2021-06-30T11:09:21.199Z", "user": ["django"], "content_type": ["mainapp", "product"], "object_id": "25", "object_repr": "Лампа UFO (категория: модерн)", "action_flag": 1, "change_message": "[{\"added\": {}}]"}}, {"model": "admin.logentry", "pk": 81, "fields": {"action_time": "2021-06-30T11:11:03.583Z", "user": ["django"], "content_type": ["mainapp", "product"], "object_id": "26", "object_repr": "подушка для мебели (категория: дом)", "action_flag": 1, "change_message": "[{\"added\": {}}]"}}, {"model": "admin.logentry", "pk": 82, "fields": {"action_time": "2021-06-30T11:17:27.310Z", "user": ["django"], "content_type": ["mainapp", "product"], "object_id": "27", "object_repr": "Кувшин/ваза белый (категория: дом)", "action_flag": 1, "change_message": "[{\"added\": {}}]"}}, {"model": "admin.logentry", "pk": 83, "fields": {"action_time": "2021-06-30T11:24:13.454Z", "user": ["django"], "content_type": ["mainapp", "product"], "object_id": "17", "object_repr": "oak table (категория: офис)", "action_flag": 3, "change_message": ""}}, {"model": "admin.logentry", "pk": 84, "fields": {"action_time": "2021-06-30T11:32:30.754Z", "user": ["django"], "content_type": ["mainapp", "product"], "object_id": "28", "object_repr": "стул комфорт-класс (категория: модерн)", "action_flag": 1, "change_message": "[{\"added\": {}}]"}}, {"model": "admin.logentry", "pk": 85, "fields": {"action_time": "2021-06-30T11:34:42.338Z", "user": ["django"], "content_type": ["mainapp", "product"], "object_id": "29", "object_repr": "Стул синий комфорт-класс (категория: модерн)", "action_flag": 1, "change_message": "[{\"added\": {}}]"}}, {"model": "admin.logentry", "pk": 86, "fields": {"action_time": "2021-06-30T11:34:50.863Z", "user": ["django"], "content_type": ["mainapp", "product"], "object_id": "28", "object_repr": "стул красный комфорт-класс (категория: модерн)", "action_flag": 2, "change_message": "[{\"changed\": {\"fields\": [\"\\u0418\\u043c\\u044f\", \"\\u041a\\u0440\\u0430\\u0442\\u043a\\u043e\\u0435 \\u043e\\u043f\\u0438\\u0441\\u0430\\u043d\\u0438\\u0435\"]}}]"}}, {"model": "admin.logentry", "pk": 87, "fields": {"action_time": "2021-07-01T19:35:56.414Z", "user": ["django"], "content_type": ["mainapp", "product"], "object_id": "18", "object_repr": "Дубовый стол (категория: классика)", "action_flag": 2, "change_message": "[{\"changed\": {\"fields\": [\"Image\"]}}]"}}, {"model": "admin.logentry", "pk": 88, "fields": {"action_time": "2021-07-13T19:09:08.230Z", "user": ["django"], "content_type": ["mainapp", "productcategory"], "object_id": "10", "object_repr": "Тест (2021-07-13 19:09:08.228510+00:00)", "action_flag": 1, "change_message": "[{\"added\": {}}]"}}, {"model": "admin.logentry", "pk": 89, "fields": {"action_time": "2021-07-13T19:10:17.761Z", "user": ["django"], "content_type": ["mainapp", "product"], "object_id": "30", "object_repr": "Тест товар (категория: Тест)", "action_flag": 1, "change_message": "[{\"added\": {}}]"}}, {"model": "admin.logentry", "pk": 90, "fields": {"action_time": "2021-07-13T19:21:23.654Z", "user": ["django"], "content_type": ["mainapp", "product"], "object_id": "30", "object_repr": "Тест товар (категория: Тест)", "action_flag": 2, "change_message": "[{\"changed\": {\"fields\": [\"Image\"]}}]"}}, {"model": "admin.logentry", "pk": 91, "fields": {"action_time": "2021-07-13T19:22:24.828Z", "user": ["django"], "content_type": ["mainapp", "product"], "object_id": "30", "object_repr": "Тест товар (категория: Тест)", "action_flag": 2, "change_message": "[{\"changed\": {\"fields\": [\"\\u0426\\u0435\\u043d\\u0430 \\u043f\\u0440\\u043e\\u0434\\u0443\\u043a\\u0442\\u0430\"]}}]"}}]